<?xml version="1.0" encoding="UTF-8"?>
<!-- <!DOCTYPE rutas SYSTEM "rutas.dtd">
<rutas> -->

<rutas xmlns:xsi="http://www.w3.org/2001/XMLSchema-instance"
  xsi:noNamespaceSchemaLocation="rutas.xsd">
  <ruta nombre="Ruta los Molinos del Ríu Profundu" dificultad="Baja" transporte="A pie">
    <tipos>
      <tipo> Etnográfica </tipo>
      <tipo> Paisajística </tipo>
      <tipo> Senderismo </tipo>
    </tipos>
    <tiempo duracion="5 horas" fecha-inicio="2023-06-10" hora-inicio="09:00:00" />

    <agencia> Sin agencia</agencia>

    <descripcion>Una de las rutas más atractivas de Villaviciosa. Tramo de 7km con ruinas de antiguos molinos de agua rodeados de bosque de ribera</descripcion>

    <personas-adecuadas>Adecuado para niños </personas-adecuadas>

    <inicio lugar="Valbúcar" direccion="AS-255, 9, Villaviciosa, Asturias" />
    <coordenadas latitud="43.461328" longitud="-5.438658" altitud="34" />

    <referencias>
      <referencia> https://www.turismovillaviciosa.es/ruta-de-los-molinos-del-rio-profundu/villaviciosa </referencia>
      <referencia> https://www.cotoyapindia.com/2019/06/ruta-de-los-molinos-pr-ast-137.html </referencia>
      <referencia> https://es.wikiloc.com/rutas-senderismo/la-ruta-de-los-molinos-del-rio-profundo-villaviciosa-25280188</referencia>
    </referencias>

    <recomendacion> 8 </recomendacion>

    <hitos>
      <hito nombre="Molín de Griselda" distancia-desde-anterior="500" unidades-de-distancia="m">
        <descripcion> Ruinas del Molín de Griselda, directamente visible desde el camino de la ruta</descripcion>
        <coordenadas latitud="43.460210" longitud="-5.434374" altitud="31" />
        <imagenes>
          <imagen> multimedia/molin_griselda.jpg </imagen>
        </imagenes>
      </hito>

      <hito nombre="Molín de Villaverde" distancia-desde-anterior="1200" unidades-de-distancia="m">
        <descripcion> Ruinas del Molín de Villaverde, un poco más alejado del camino de la ruta pero rodeado de precioso bosque autóctono</descripcion>
        <coordenadas latitud="43.456533" longitud="-5.424323" altitud="54" />
        <imagenes>
          <imagen> multimedia/molin_villaverde.jpg </imagen>
        </imagenes>
      </hito>

      <hito nombre="Molín el Pitu" distancia-desde-anterior="500" unidades-de-distancia="m">
        <descripcion> Ruinas del Molín El Pitu. Casi totalmente rodeadas de vegetación pero con un encanto especial. En su interior se puede observar la rueda original</descripcion>
        <coordenadas latitud="43.452277" longitud="-5.421454" altitud="63" />
        <imagenes>
          <imagen> multimedia/molin_pitu1.jpg </imagen>
          <imagen> multimedia/molin_pitu2.jpg </imagen>
        </imagenes>
      </hito>

      <hito nombre="Molín de Perniles" distancia-desde-anterior="1400" unidades-de-distancia="m">
        <descripcion>Ruinas del Molín de Perniles en un paraje ideal rodeado de vegetación y naturaleza. </descripcion>
        <coordenadas latitud="43.450349" longitud="-5.408034" altitud="102" />
        <imagenes>
          <imagen> multimedia/molin_perniles1.jpg </imagen>
          <imagen> multimedia/molin_perniles2.jpg </imagen>
        </imagenes>
      </hito>

      <hito nombre="Molín la Peña" distancia-desde-anterior="1800" unidades-de-distancia="m">
        <descripcion> El molín La Peña es el mejor conservado y más conocido de la ruta, con la cascada junto a la que se encuentra </descripcion>
        <coordenadas latitud="43.439629" longitud="-5.397353" altitud="145" />
        <imagenes>
          <imagen> multimedia/molin_pena.jpg </imagen>
        </imagenes>
        <videos>
          <video> multimedia/molin_pena.mp4</video>
        </videos>
      </hito>

      <hito nombre="Molín d'Arriba" distancia-desde-anterior="1000" unidades-de-distancia="m">
        <descripcion> El molín d'Arriba es el último de esta ruta y otro de los que mejor se conserva. Se encuentra cerca de la aldea de Busllaz. </descripcion>
        <coordenadas latitud="43.433653" longitud="-5.391802" altitud="180" />
        <imagenes>
          <imagen> multimedia/molin_darriba.jpg </imagen>
        </imagenes>
      </hito>
    </hitos>
    <planimetria>js/ruta1.kml</planimetria>
    <altimetria>js/ruta1.svg</altimetria>
  </ruta>
  <ruta nombre="Ruta de Carlos V" dificultad="Media" transporte="Caballo">
    <tipos>
      <tipo> Histórica </tipo>
      <tipo> Paisajística </tipo>
      <tipo> Naturaleza </tipo>
      <tipo> Costa </tipo>
    </tipos>
    <tiempo duracion="2 horas" fecha-inicio="2023-06-17" hora-inicio="12:30:00" />

    <agencia>Rutas Babieca</agencia>

    <descripcion>En 1517 el rey Carlos I de España y V de Alemania desembarcó en Tazones y se dirigió a Villaciosa, donde se alojó durante cuatro días. Esta ruta recrea el mismo camino que siguió el Séquito Real. </descripcion>

    <personas-adecuadas>Adecuado para niños </personas-adecuadas>

    <inicio lugar="Playa de Tazones" direccion="Tazones, 20, 33315, San Roque, Asturias" />
    <coordenadas latitud="43.545177" longitud="-5.399650" altitud="0" />

    <referencias>
      <referencia> https://www.turismovillaviciosa.es/ruta-de-carlos-v/villaviciosa </referencia>
      <referencia> https://www.turismoasturias.es/descubre/naturaleza/rutas/senderismo/ruta-carlos-v </referencia>
      <referencia> https://www.guiarepsol.com/es/viajar/vamos-de-excursion/ruta-tazones-villaviciosa-camin-real-carlos-v-asturias/</referencia>
      <referencia> https://www.turismoasturias.es/descubre/fiestas-de-interes-turistico/primer-desembarco-de-carlos-v</referencia>
    </referencias>

    <recomendacion> 9 </recomendacion>

    <hitos>
      <hito nombre="Lliñeru" distancia-desde-anterior="2200" unidades-de-distancia="m">
        <descripcion>Preciosa pequeña aldea de aproximadamente 60 habitantes rodeada de las típicas pumaradas</descripcion>
        <coordenadas latitud="43.534367" longitud="-5.396329" altitud="160" />
        <imagenes>
          <imagen> multimedia/llineru_pumarada.jpg </imagen>
          <imagen> multimedia/ria_llineru.jpg </imagen>
        </imagenes>
      </hito>

      <hito nombre="Samartín del Mar" distancia-desde-anterior="2200" unidades-de-distancia="m">
        <descripcion> Capital de la parroquia homónima, con vistas a la vega de la ría de Villaviciosa  </descripcion>
        <coordenadas latitud="43.516857" longitud="-5.406217" altitud="50" />
        <imagenes>
          <imagen> multimedia/iglesia_samartin.jpg </imagen>
        </imagenes>
        <videos>
          <video> multimedia/vista_aerea_samartin.mp4</video>
        </videos>
      </hito>

      <hito nombre="Bedriñana" distancia-desde-anterior="4100" unidades-de-distancia="m">
        <descripcion> Desde esta aldea tan guapa casi se puede atisbar el famoso llagar de Sidra el Gaitero </descripcion>
        <coordenadas latitud="43.499473" longitud="-5.440082" altitud="55" />
        <imagenes>
          <imagen> multimedia/iglesia_bedrinana.jpg </imagen>
        </imagenes>
        <videos>
          <video> multimedia/vista_aerea_bedrinana.mp4</video>
        </videos>
      </hito>

      <hito nombre="Villaviciosa" distancia-desde-anterior="2800" unidades-de-distancia="m">
        <descripcion> Llegamos a "La Villa", capital maliaya con enorme valor cultural, histórico y estético </descripcion>
        <coordenadas latitud="43.481348" longitud="-5.433572" altitud="0" />
        <imagenes>
          <imagen> multimedia/villaviciosa_aerea.jpg </imagen>
          <imagen> multimedia/villaviciosa_ayuntamiento.jpg </imagen>
          <imagen> multimedia/villaviciosa_sidra.jpg </imagen>
        </imagenes>
      </hito>
    </hitos>
    <planimetria>js/ruta2.kml</planimetria>
    <altimetria>js/ruta2.svg</altimetria>
  </ruta>

  <ruta nombre="Ruta urbana Villaviciosa" dificultad="Baja" transporte="A pie">
    <tipos>
      <tipo> Urbana </tipo>
      <tipo> Arquitectónica </tipo>
      <tipo> Histórica </tipo>
    </tipos>
    <tiempo duracion="1 hora"/>

    <agencia> Sin agencia</agencia>

    <descripcion>Ruta urbana por la capital maliaya, para disfrutar de los elementos más destacables de esta</descripcion>

    <personas-adecuadas>Todas las edades</personas-adecuadas>

    <inicio lugar="Ayuntamiento" direccion="Plaza del Ayuntamiento, S/N, Villaviciosa, Asturias" />
    <coordenadas latitud="43.481320" longitud="-5.433561" altitud="6" />

    <referencias>
      <referencia> https://www.turismovillaviciosa.es/turismo/villaviciosa/ruta-historica-de-villaviciosa_2649_3_5503_0_1_in.html</referencia>
      <referencia> https://www.dendecaguelu.com/2021/01/escultura-exaltacion-de-la-manzana-en.html </referencia>
      <referencia> https://www.culturavillaviciosa.es/es/</referencia>
    </referencias>

    <recomendacion> 10 </recomendacion>

    <hitos>
      <hito nombre="Exaltación de la manzana" distancia-desde-anterior="150" unidades-de-distancia="m">
        <descripcion> Monumento en honor a José Cardín Fernández, creado por Eduardo Úrculo</descripcion>
        <coordenadas latitud="43.482120" longitud="-5.432506" altitud="9" />
        <imagenes>
          <imagen> multimedia/exaltacion_manzana_1.jpg </imagen>
          <imagen> multimedia/exaltacion_manzana_2.jpg </imagen>
        </imagenes>
      </hito>

      <hito nombre="Ateneo Obrero" distancia-desde-anterior="210" unidades-de-distancia="m">
        <descripcion> Edificio de la asociación sin ánimo de lucro homónima, dedicada a el ocio y recreo desde hace más de 100 años</descripcion>
        <coordenadas latitud="43.481666" longitud="-5.434271" altitud="8" />
        <imagenes>
          <imagen> multimedia/ateneo_1.jpg </imagen>
          <imagen> multimedia/ateneo_pintura.jpg </imagen>
        </imagenes>
      </hito>

      <hito nombre="Teatro Riera" distancia-desde-anterior="200" unidades-de-distancia="m">
        <descripcion> Inaugurado a mediados de los 40, el teatro riera es, desde entonces, uno de los principales foros culturales del concejo. En él, se organizan exposiciones, festivales, proyecciones...</descripcion>
        <coordenadas latitud="43.481826" longitud="-5.436343" altitud="6" />
        <imagenes>
          <imagen> multimedia/teatro_riera.jpg </imagen>
        </imagenes>
      </hito>

      <hito nombre="Restos de la muralla" distancia-desde-anterior="250" unidades-de-distancia="m">
        <descripcion>Restos de la antigua muralla que rodeaba la villa </descripcion>
        <coordenadas latitud="43.480061" longitud="-5.435038" altitud="8" />
        <imagenes>
          <imagen> multimedia/muralla1.jpg </imagen>
          <imagen> multimedia/muralla2.jpg </imagen>
        </imagenes>
      </hito>

      <hito nombre="Monasterio de las Clarisas" distancia-desde-anterior="100" unidades-de-distancia="m">
        <descripcion> Monasterio de la Purísima concepción, perteneciente a la Orden de las Clarisas </descripcion>
        <coordenadas latitud="43.478750" longitud="-5.434361" altitud="19" />
        <imagenes>
          <imagen> multimedia/monasterio_clarisas.jpg </imagen>
        </imagenes>
      </hito>

      <hito nombre="Plaza de Abastos" distancia-desde-anterior="150" unidades-de-distancia="m">
        <descripcion> Elemento central de Villaviciosa, diseñado con arquitectura de hierro por Miguel de la Guardia. Alberga una decena de locales con diversos productos </descripcion>
        <coordenadas latitud="43.480257" longitud="-5.434233" altitud="10" />
        <imagenes>
          <imagen> multimedia/abastos_1.jpg </imagen>
          <imagen> multimedia/abastos_2.jpg </imagen>
        </imagenes>
      </hito>
    </hitos>
    <planimetria>js/ruta3.kml</planimetria>
    <altimetria>js/ruta3.svg</altimetria>
  </ruta>
</rutas>